{"Story count":17.0,"Room Quantity":170.0,"origin":[34.0057252,-118.4326034]}