{"Panel Quantity":144.0,"origin":[34.0057252,-118.4326034]}