{"Panel Quantity":256.0,"origin":[-118.4326034,34.0057252]}
